full_path,true_generator,pred_generator,confidence,entropy
C:/Users/thejo/Desktop/WTP/WTP/ganfp_sample_20260627_215414\CelebA\162875.jpg,CelebA,StarGAN,0.5285525,0.7023809983825203
C:/Users/thejo/Desktop/WTP/WTP/ganfp_sample_20260627_215414\FaceApp\F_FAP0_00308-1.png,FaceApp,FaceApp,0.79601216,0.5077036428153429
C:/Users/thejo/Desktop/WTP/WTP/ganfp_sample_20260627_215414\London-DB\132_03.jpg,London-DB,London-DB,0.9914306,0.06245888805655107
C:/Users/thejo/Desktop/WTP/WTP/ganfp_sample_20260627_215414\FFHQ\R_FFHQ_00889.png,FFHQ,FFHQ,0.956898,0.1979433911230604
C:/Users/thejo/Desktop/WTP/WTP/ganfp_sample_20260627_215414\SD1.5\sd15_txt2img_p08_s000.png,SD1.5,SD1.5,0.99999464,7.509496606637753e-05
C:/Users/thejo/Desktop/WTP/WTP/ganfp_sample_20260627_215414\StarGAN\F_STGN_0221-10.png,StarGAN,StarGAN,0.99994946,0.0005532854690858571
C:/Users/thejo/Desktop/WTP/WTP/ganfp_sample_20260627_215414\PGGAN-v1\F_PGN1_09873.png,PGGAN-v1,PGGAN-v1,0.9084496,0.3061698011596367
C:/Users/thejo/Desktop/WTP/WTP/ganfp_sample_20260627_215414\CelebA\201424.jpg,CelebA,CelebA,0.99796283,0.0158281125065204
C:/Users/thejo/Desktop/WTP/WTP/ganfp_sample_20260627_215414\FaceApp\F_FAP0_00364-3.png,FaceApp,FaceApp,0.9845351,0.08291088586763265
C:/Users/thejo/Desktop/WTP/WTP/ganfp_sample_20260627_215414\PGGAN-v2\F_PGN2_08536.png,PGGAN-v2,FaceApp,0.9583898,0.19977565579591267
C:/Users/thejo/Desktop/WTP/WTP/ganfp_sample_20260627_215414\StarGAN\F_STGN_0585-27.png,StarGAN,StarGAN,0.99999607,5.370375960374152e-05
C:/Users/thejo/Desktop/WTP/WTP/ganfp_sample_20260627_215414\FFHQ\R_FFHQ_07822.png,FFHQ,FFHQ,0.9427669,0.24679238356329408
C:/Users/thejo/Desktop/WTP/WTP/ganfp_sample_20260627_215414\CelebA\147999.jpg,CelebA,CelebA,0.9439826,0.2311761864505215
C:/Users/thejo/Desktop/WTP/WTP/ganfp_sample_20260627_215414\CelebA\120043.jpg,CelebA,CelebA,0.9394643,0.25793695945766154
C:/Users/thejo/Desktop/WTP/WTP/ganfp_sample_20260627_215414\FaceApp\F_FAP0_01481-1.png,FaceApp,FFHQ,0.89493847,0.3686892117469789
C:/Users/thejo/Desktop/WTP/WTP/ganfp_sample_20260627_215414\FLUX\flux1_txt2img_p04_s009.png,FLUX,FLUX,0.9999217,0.0008506166184947797
C:/Users/thejo/Desktop/WTP/WTP/ganfp_sample_20260627_215414\FFHQ\R_FFHQ_08258.png,FFHQ,FFHQ,0.9826768,0.0994887529068207
C:/Users/thejo/Desktop/WTP/WTP/ganfp_sample_20260627_215414\FaceApp\F_FAP0_01445-2.png,FaceApp,FFHQ,0.58435065,0.758545671009632
C:/Users/thejo/Desktop/WTP/WTP/ganfp_sample_20260627_215414\CelebA\037074.jpg,CelebA,CelebA,0.9861377,0.07952297326574005
C:/Users/thejo/Desktop/WTP/WTP/ganfp_sample_20260627_215414\FFHQ\R_FFHQ_09876.png,FFHQ,FFHQ,0.987653,0.07507143211048564
C:/Users/thejo/Desktop/WTP/WTP/ganfp_sample_20260627_215414\PGGAN-v2\F_PGN2_06766.png,PGGAN-v2,PGGAN-v2,0.72796017,0.7416239348163737
C:/Users/thejo/Desktop/WTP/WTP/ganfp_sample_20260627_215414\FFHQ\R_FFHQ_07872.png,FFHQ,FFHQ,0.6847726,0.6758125242521542
C:/Users/thejo/Desktop/WTP/WTP/ganfp_sample_20260627_215414\CelebA\165957.jpg,CelebA,CelebA,0.99805945,0.01466130885537229
C:/Users/thejo/Desktop/WTP/WTP/ganfp_sample_20260627_215414\CelebA\072493.jpg,CelebA,CelebA,0.9946517,0.037662179790429226
C:/Users/thejo/Desktop/WTP/WTP/ganfp_sample_20260627_215414\SD1.5\sd15_txt2img_p07_s002.png,SD1.5,SD1.5,0.9978631,0.018015774507745604
C:/Users/thejo/Desktop/WTP/WTP/ganfp_sample_20260627_215414\SD1.5\sd15_txt2img_p03_s000.png,SD1.5,SD1.5,0.99237907,0.05672294114525912
C:/Users/thejo/Desktop/WTP/WTP/ganfp_sample_20260627_215414\CelebA\149304.jpg,CelebA,CelebA,0.99827516,0.013979796677748128
C:/Users/thejo/Desktop/WTP/WTP/ganfp_sample_20260627_215414\SD1.5\sd15_txt2img_p06_s005.png,SD1.5,FLUX,0.5263001,0.7119401517266589
C:/Users/thejo/Desktop/WTP/WTP/ganfp_sample_20260627_215414\London-DB\004_03.jpg,London-DB,London-DB,0.59634995,0.8580146900284614
C:/Users/thejo/Desktop/WTP/WTP/ganfp_sample_20260627_215414\StyleGAN3-FFHQ\stylegan3_ffhq_s0072.png,StyleGAN3-FFHQ,StyleGAN3-FFHQ,0.92942065,0.2837090046229645
C:/Users/thejo/Desktop/WTP/WTP/ganfp_sample_20260627_215414\StyleGAN3-FFHQ\stylegan3_ffhq_s0088.png,StyleGAN3-FFHQ,StyleGAN3-FFHQ,0.81733984,0.6466300754635778
C:/Users/thejo/Desktop/WTP/WTP/ganfp_sample_20260627_215414\StyleGAN3-FFHQ\stylegan3_ffhq_s0081.png,StyleGAN3-FFHQ,FLUX,0.5325721,0.8732086522146718
C:/Users/thejo/Desktop/WTP/WTP/ganfp_sample_20260627_215414\PGGAN-v1\F_PGN1_02289.png,PGGAN-v1,PGGAN-v1,0.87338436,0.3840446180404127
C:/Users/thejo/Desktop/WTP/WTP/ganfp_sample_20260627_215414\PGGAN-v1\F_PGN1_01391.png,PGGAN-v1,PGGAN-v1,0.9057398,0.3217144907970215
C:/Users/thejo/Desktop/WTP/WTP/ganfp_sample_20260627_215414\FLUX\flux1_txt2img_p07_s006.png,FLUX,FLUX,0.9999119,0.0010088565913111162
C:/Users/thejo/Desktop/WTP/WTP/ganfp_sample_20260627_215414\StyleGAN3-FFHQ\stylegan3_ffhq_s0004.png,StyleGAN3-FFHQ,FFHQ,0.8918094,0.3909395520592205
C:/Users/thejo/Desktop/WTP/WTP/ganfp_sample_20260627_215414\PGGAN-v1\F_PGN1_02996.png,PGGAN-v1,PGGAN-v1,0.8217508,0.5620835473864395
C:/Users/thejo/Desktop/WTP/WTP/ganfp_sample_20260627_215414\FFHQ\R_FFHQ_00494.png,FFHQ,FFHQ,0.99866426,0.010876167990279528
C:/Users/thejo/Desktop/WTP/WTP/ganfp_sample_20260627_215414\CelebA\078861.jpg,CelebA,CelebA,0.9964233,0.02620816843787564
C:/Users/thejo/Desktop/WTP/WTP/ganfp_sample_20260627_215414\PGGAN-v2\F_PGN2_07643.png,PGGAN-v2,PGGAN-v2,0.8949379,0.39842255322174186
C:/Users/thejo/Desktop/WTP/WTP/ganfp_sample_20260627_215414\FaceApp\F_FAP0_02280-2.png,FaceApp,FFHQ,0.82363063,0.5922061006599236
C:/Users/thejo/Desktop/WTP/WTP/ganfp_sample_20260627_215414\StarGAN\F_STGN_0691-30.png,StarGAN,StarGAN,0.99994457,0.0006152539262639002
C:/Users/thejo/Desktop/WTP/WTP/ganfp_sample_20260627_215414\PGGAN-v1\F_PGN1_01720.png,PGGAN-v1,PGGAN-v1,0.9680084,0.1419505733075217
C:/Users/thejo/Desktop/WTP/WTP/ganfp_sample_20260627_215414\StyleGAN3-FFHQ\stylegan3_ffhq_s0086.png,StyleGAN3-FFHQ,StyleGAN3-FFHQ,0.9559184,0.2067995323543605
C:/Users/thejo/Desktop/WTP/WTP/ganfp_sample_20260627_215414\CelebA\100335.jpg,CelebA,StarGAN,0.8972505,0.3518666714890875
C:/Users/thejo/Desktop/WTP/WTP/ganfp_sample_20260627_215414\FaceApp\F_FAP0_01054-1.png,FaceApp,FFHQ,0.54397273,0.7304705559712702
C:/Users/thejo/Desktop/WTP/WTP/ganfp_sample_20260627_215414\PGGAN-v2\F_PGN2_09376.png,PGGAN-v2,PGGAN-v1,0.49511743,1.0905610871193958
C:/Users/thejo/Desktop/WTP/WTP/ganfp_sample_20260627_215414\PGGAN-v1\F_PGN1_01569.png,PGGAN-v1,PGGAN-v1,0.9113527,0.2995567756690764
C:/Users/thejo/Desktop/WTP/WTP/ganfp_sample_20260627_215414\PGGAN-v2\F_PGN2_07867.png,PGGAN-v2,PGGAN-v2,0.8624221,0.422090327220721
C:/Users/thejo/Desktop/WTP/WTP/ganfp_sample_20260627_215414\FaceApp\F_FAP0_02372-1.png,FaceApp,FFHQ,0.7080799,0.6718230388027588
C:/Users/thejo/Desktop/WTP/WTP/ganfp_sample_20260627_215414\PGGAN-v2\F_PGN2_00539.png,PGGAN-v2,PGGAN-v2,0.9541945,0.2165361528084355
C:/Users/thejo/Desktop/WTP/WTP/ganfp_sample_20260627_215414\CelebA\147238.jpg,CelebA,CelebA,0.9952566,0.0332134390533026
C:/Users/thejo/Desktop/WTP/WTP/ganfp_sample_20260627_215414\StarGAN\F_STGN_0686-24.png,StarGAN,StarGAN,0.9999006,0.00102278890915879
C:/Users/thejo/Desktop/WTP/WTP/ganfp_sample_20260627_215414\PGGAN-v1\F_PGN1_06316.png,PGGAN-v1,PGGAN-v1,0.89144397,0.3494716480240446
C:/Users/thejo/Desktop/WTP/WTP/ganfp_sample_20260627_215414\PGGAN-v2\F_PGN2_02129.png,PGGAN-v2,PGGAN-v2,0.5361531,1.0840973660288122
C:/Users/thejo/Desktop/WTP/WTP/ganfp_sample_20260627_215414\PGGAN-v1\F_PGN1_05854.png,PGGAN-v1,PGGAN-v1,0.89398086,0.3399502987693924
C:/Users/thejo/Desktop/WTP/WTP/ganfp_sample_20260627_215414\CelebA\075913.jpg,CelebA,CelebA,0.9967982,0.022819612358917777
C:/Users/thejo/Desktop/WTP/WTP/ganfp_sample_20260627_215414\FFHQ\R_FFHQ_08001.png,FFHQ,FFHQ,0.9976782,0.01807124902732105
C:/Users/thejo/Desktop/WTP/WTP/ganfp_sample_20260627_215414\FaceApp\F_FAP0_01972-1.png,FaceApp,FaceApp,0.936758,0.29018544382702005
C:/Users/thejo/Desktop/WTP/WTP/ganfp_sample_20260627_215414\StarGAN\F_STGN_0326-11.png,StarGAN,StarGAN,0.9999503,0.0005639848976117584
C:/Users/thejo/Desktop/WTP/WTP/ganfp_sample_20260627_215414\PGGAN-v2\F_PGN2_08211.png,PGGAN-v2,PGGAN-v2,0.53956246,0.7044978442942196
C:/Users/thejo/Desktop/WTP/WTP/ganfp_sample_20260627_215414\PGGAN-v2\F_PGN2_09325.png,PGGAN-v2,PGGAN-v2,0.9312436,0.2696394473762751
C:/Users/thejo/Desktop/WTP/WTP/ganfp_sample_20260627_215414\CelebA\111573.jpg,CelebA,CelebA,0.99524647,0.034207044660020565
C:/Users/thejo/Desktop/WTP/WTP/ganfp_sample_20260627_215414\FaceApp\F_FAP0_00098-1.png,FaceApp,FFHQ,0.6938586,0.626362413200396
C:/Users/thejo/Desktop/WTP/WTP/ganfp_sample_20260627_215414\StarGAN\F_STGN_0252-15.png,StarGAN,StarGAN,0.99998987,0.00013273999245693412
C:/Users/thejo/Desktop/WTP/WTP/ganfp_sample_20260627_215414\StarGAN\F_STGN_0862-32.png,StarGAN,StarGAN,0.99999225,0.00010023194581794715
C:/Users/thejo/Desktop/WTP/WTP/ganfp_sample_20260627_215414\FaceApp\F_FAP0_00661-3.png,FaceApp,FaceApp,0.93855083,0.30067594861981806
C:/Users/thejo/Desktop/WTP/WTP/ganfp_sample_20260627_215414\FFHQ\R_FFHQ_08918.png,FFHQ,FFHQ,0.9953127,0.03306543167926015
C:/Users/thejo/Desktop/WTP/WTP/ganfp_sample_20260627_215414\SD1.5\sd15_txt2img_p04_s002.png,SD1.5,SD1.5,0.9187053,0.3480283696721841
C:/Users/thejo/Desktop/WTP/WTP/ganfp_sample_20260627_215414\StyleGAN3-FFHQ\stylegan3_ffhq_s0016.png,StyleGAN3-FFHQ,StyleGAN3-FFHQ,0.6942274,0.742034167583814
C:/Users/thejo/Desktop/WTP/WTP/ganfp_sample_20260627_215414\PGGAN-v2\F_PGN2_09355.png,PGGAN-v2,PGGAN-v2,0.5874624,0.7087296554533047
C:/Users/thejo/Desktop/WTP/WTP/ganfp_sample_20260627_215414\FaceApp\F_FAP0_02238-2.png,FaceApp,FaceApp,0.9096742,0.38289503324157004
C:/Users/thejo/Desktop/WTP/WTP/ganfp_sample_20260627_215414\StarGAN\F_STGN_0213-08.png,StarGAN,StarGAN,0.9999869,0.00016203455256919973
C:/Users/thejo/Desktop/WTP/WTP/ganfp_sample_20260627_215414\SD1.5\sd15_txt2img_p05_s006.png,SD1.5,SD1.5,0.99324644,0.04374060826139915
C:/Users/thejo/Desktop/WTP/WTP/ganfp_sample_20260627_215414\PGGAN-v1\F_PGN1_05219.png,PGGAN-v1,PGGAN-v1,0.96771616,0.14313228091529293
C:/Users/thejo/Desktop/WTP/WTP/ganfp_sample_20260627_215414\SD1.5\sd15_txt2img_p02_s009.png,SD1.5,SD1.5,0.6760948,0.7312455070382927
C:/Users/thejo/Desktop/WTP/WTP/ganfp_sample_20260627_215414\FaceApp\F_FAP0_01139-3.png,FaceApp,FaceApp,0.976694,0.12599762114302476
C:/Users/thejo/Desktop/WTP/WTP/ganfp_sample_20260627_215414\FLUX\flux1_txt2img_p01_s003.png,FLUX,FLUX,0.999982,0.00023815804051399974
C:/Users/thejo/Desktop/WTP/WTP/ganfp_sample_20260627_215414\FaceApp\F_FAP0_02509-1.png,FaceApp,FFHQ,0.88678086,0.3895766195519362
C:/Users/thejo/Desktop/WTP/WTP/ganfp_sample_20260627_215414\PGGAN-v1\F_PGN1_03742.png,PGGAN-v1,PGGAN-v1,0.9182283,0.28631083429506504
C:/Users/thejo/Desktop/WTP/WTP/ganfp_sample_20260627_215414\FLUX\flux1_txt2img_p07_s007.png,FLUX,FLUX,0.9997142,0.0027004749530140323
C:/Users/thejo/Desktop/WTP/WTP/ganfp_sample_20260627_215414\StyleGAN3-FFHQ\stylegan3_ffhq_s0048.png,StyleGAN3-FFHQ,StyleGAN3-FFHQ,0.5740044,0.9700651404967151
C:/Users/thejo/Desktop/WTP/WTP/ganfp_sample_20260627_215414\London-DB\029_03.jpg,London-DB,London-DB,0.981687,0.11319388408855038
C:/Users/thejo/Desktop/WTP/WTP/ganfp_sample_20260627_215414\SD1.5\sd15_txt2img_p02_s010.png,SD1.5,SD1.5,0.88878584,0.46391348749186656
C:/Users/thejo/Desktop/WTP/WTP/ganfp_sample_20260627_215414\CelebA\053277.jpg,CelebA,CelebA,0.99503857,0.03516606191191189
C:/Users/thejo/Desktop/WTP/WTP/ganfp_sample_20260627_215414\SD1.5\sd15_txt2img_p07_s000.png,SD1.5,SD1.5,0.5752232,0.700147038452797
C:/Users/thejo/Desktop/WTP/WTP/ganfp_sample_20260627_215414\FLUX\flux1_txt2img_p04_s006.png,FLUX,FLUX,0.9999224,0.0008972361991194777
C:/Users/thejo/Desktop/WTP/WTP/ganfp_sample_20260627_215414\CelebA\140041.jpg,CelebA,CelebA,0.5938512,0.6810132844713056
C:/Users/thejo/Desktop/WTP/WTP/ganfp_sample_20260627_215414\PGGAN-v2\F_PGN2_00660.png,PGGAN-v2,PGGAN-v2,0.8228123,0.5179488785327238
C:/Users/thejo/Desktop/WTP/WTP/ganfp_sample_20260627_215414\PGGAN-v1\F_PGN1_02882.png,PGGAN-v1,PGGAN-v2,0.7337366,0.5860215294640408
C:/Users/thejo/Desktop/WTP/WTP/ganfp_sample_20260627_215414\FFHQ\R_FFHQ_08603.png,FFHQ,FFHQ,0.99424285,0.03909796279850156
C:/Users/thejo/Desktop/WTP/WTP/ganfp_sample_20260627_215414\SD1.5\sd15_txt2img_p07_s007.png,SD1.5,SD1.5,0.89817417,0.37815828891020653
C:/Users/thejo/Desktop/WTP/WTP/ganfp_sample_20260627_215414\PGGAN-v1\F_PGN1_07491.png,PGGAN-v1,PGGAN-v1,0.65445507,0.7688311379763899
C:/Users/thejo/Desktop/WTP/WTP/ganfp_sample_20260627_215414\FaceApp\F_FAP0_00699-2.png,FaceApp,FaceApp,0.9711268,0.1338228433925087
C:/Users/thejo/Desktop/WTP/WTP/ganfp_sample_20260627_215414\FLUX\flux1_txt2img_p07_s008.png,FLUX,FLUX,0.9999074,0.0010367247634053493
C:/Users/thejo/Desktop/WTP/WTP/ganfp_sample_20260627_215414\SD1.5\sd15_txt2img_p05_s011.png,SD1.5,SD1.5,0.99814165,0.015285377470240075
C:/Users/thejo/Desktop/WTP/WTP/ganfp_sample_20260627_215414\FaceApp\F_FAP0_01107-1.png,FaceApp,FaceApp,0.95132524,0.19543142177728828
C:/Users/thejo/Desktop/WTP/WTP/ganfp_sample_20260627_215414\FLUX\flux1_txt2img_p08_s011.png,FLUX,FLUX,0.9999449,0.0006503866526416706
C:/Users/thejo/Desktop/WTP/WTP/ganfp_sample_20260627_215414\London-DB\087_03.jpg,London-DB,London-DB,0.94865197,0.2686809187268734
C:/Users/thejo/Desktop/WTP/WTP/ganfp_sample_20260627_215414\FFHQ\R_FFHQ_07452.png,FFHQ,FFHQ,0.97528684,0.13569102982912912
C:/Users/thejo/Desktop/WTP/WTP/ganfp_sample_20260627_215414\StyleGAN3-FFHQ\stylegan3_ffhq_s0067.png,StyleGAN3-FFHQ,StyleGAN3-FFHQ,0.88279086,0.4321734216927765
C:/Users/thejo/Desktop/WTP/WTP/ganfp_sample_20260627_215414\PGGAN-v1\F_PGN1_07560.png,PGGAN-v1,PGGAN-v1,0.54961234,0.9801688035932649
C:/Users/thejo/Desktop/WTP/WTP/ganfp_sample_20260627_215414\StarGAN\F_STGN_0500-21.png,StarGAN,StarGAN,0.9999747,0.0002953820646932109
C:/Users/thejo/Desktop/WTP/WTP/ganfp_sample_20260627_215414\StarGAN\F_STGN_0827-39.png,StarGAN,StarGAN,0.99965763,0.003081327393321257
C:/Users/thejo/Desktop/WTP/WTP/ganfp_sample_20260627_215414\PGGAN-v2\F_PGN2_01661.png,PGGAN-v2,FaceApp,0.6081435,1.0452321089823333
C:/Users/thejo/Desktop/WTP/WTP/ganfp_sample_20260627_215414\FaceApp\F_FAP0_00134-3.png,FaceApp,FaceApp,0.9330399,0.2540906992631927
C:/Users/thejo/Desktop/WTP/WTP/ganfp_sample_20260627_215414\CelebA\055722.jpg,CelebA,CelebA,0.97972554,0.10334825076604139
C:/Users/thejo/Desktop/WTP/WTP/ganfp_sample_20260627_215414\FFHQ\R_FFHQ_06303.png,FFHQ,FFHQ,0.985939,0.08151687414052844
C:/Users/thejo/Desktop/WTP/WTP/ganfp_sample_20260627_215414\FFHQ\R_FFHQ_04096.png,FFHQ,FFHQ,0.9748923,0.13111026152400151
C:/Users/thejo/Desktop/WTP/WTP/ganfp_sample_20260627_215414\PGGAN-v2\F_PGN2_06487.png,PGGAN-v2,PGGAN-v2,0.6083644,0.9861113209945648
C:/Users/thejo/Desktop/WTP/WTP/ganfp_sample_20260627_215414\FaceApp\F_FAP0_01416-2.png,FaceApp,FFHQ,0.5525234,0.720972015691741
C:/Users/thejo/Desktop/WTP/WTP/ganfp_sample_20260627_215414\PGGAN-v1\F_PGN1_08626.png,PGGAN-v1,PGGAN-v1,0.82099783,0.47148702793929786
C:/Users/thejo/Desktop/WTP/WTP/ganfp_sample_20260627_215414\PGGAN-v2\F_PGN2_03959.png,PGGAN-v2,FFHQ,0.52432996,0.8428344442251253
C:/Users/thejo/Desktop/WTP/WTP/ganfp_sample_20260627_215414\PGGAN-v2\F_PGN2_05368.png,PGGAN-v2,FaceApp,0.57104695,0.8278870147020527
C:/Users/thejo/Desktop/WTP/WTP/ganfp_sample_20260627_215414\CelebA\196258.jpg,CelebA,CelebA,0.99478227,0.03401451811761189
C:/Users/thejo/Desktop/WTP/WTP/ganfp_sample_20260627_215414\FLUX\flux1_txt2img_p01_s004.png,FLUX,FLUX,0.9999641,0.000444940980414131
C:/Users/thejo/Desktop/WTP/WTP/ganfp_sample_20260627_215414\PGGAN-v1\F_PGN1_08904.png,PGGAN-v1,PGGAN-v1,0.8395267,0.47600306214542
C:/Users/thejo/Desktop/WTP/WTP/ganfp_sample_20260627_215414\FaceApp\F_FAP0_00497-2.png,FaceApp,FaceApp,0.9715999,0.1427534112853353
C:/Users/thejo/Desktop/WTP/WTP/ganfp_sample_20260627_215414\StarGAN\F_STGN_0226-07.png,StarGAN,StarGAN,0.99998,0.00023720129902097794
C:/Users/thejo/Desktop/WTP/WTP/ganfp_sample_20260627_215414\FFHQ\R_FFHQ_07287.png,FFHQ,FFHQ,0.97539955,0.1321534786043334
C:/Users/thejo/Desktop/WTP/WTP/ganfp_sample_20260627_215414\London-DB\128_03.jpg,London-DB,London-DB,0.98717517,0.0865709471555442
C:/Users/thejo/Desktop/WTP/WTP/ganfp_sample_20260627_215414\FaceApp\F_FAP0_01431-1.png,FaceApp,FaceApp,0.829109,0.4630113983427908
C:/Users/thejo/Desktop/WTP/WTP/ganfp_sample_20260627_215414\StyleGAN3-FFHQ\stylegan3_ffhq_s0031.png,StyleGAN3-FFHQ,StyleGAN3-FFHQ,0.91986686,0.3189767729295228
C:/Users/thejo/Desktop/WTP/WTP/ganfp_sample_20260627_215414\London-DB\121_03.jpg,London-DB,London-DB,0.6236913,0.7886724505058565
C:/Users/thejo/Desktop/WTP/WTP/ganfp_sample_20260627_215414\CelebA\000382.jpg,CelebA,CelebA,0.99825186,0.013481330956630073
C:/Users/thejo/Desktop/WTP/WTP/ganfp_sample_20260627_215414\FLUX\flux1_txt2img_p01_s010.png,FLUX,FLUX,0.9999956,6.260994180290297e-05
C:/Users/thejo/Desktop/WTP/WTP/ganfp_sample_20260627_215414\FaceApp\F_FAP0_02129-2.png,FaceApp,FaceApp,0.82724184,0.6364280315892709
C:/Users/thejo/Desktop/WTP/WTP/ganfp_sample_20260627_215414\PGGAN-v1\F_PGN1_00213.png,PGGAN-v1,PGGAN-v1,0.88650364,0.3599062276355538
C:/Users/thejo/Desktop/WTP/WTP/ganfp_sample_20260627_215414\PGGAN-v2\F_PGN2_03623.png,PGGAN-v2,PGGAN-v2,0.74545544,0.600344405668115
C:/Users/thejo/Desktop/WTP/WTP/ganfp_sample_20260627_215414\CelebA\190701.jpg,CelebA,CelebA,0.7514569,0.5665796968109487
C:/Users/thejo/Desktop/WTP/WTP/ganfp_sample_20260627_215414\London-DB\001_03.jpg,London-DB,London-DB,0.7215595,0.824821026086134
C:/Users/thejo/Desktop/WTP/WTP/ganfp_sample_20260627_215414\SD1.5\sd15_txt2img_p08_s008.png,SD1.5,SD1.5,0.99312097,0.04221801227215143
C:/Users/thejo/Desktop/WTP/WTP/ganfp_sample_20260627_215414\StarGAN\F_STGN_0693-29.png,StarGAN,StarGAN,0.9999802,0.00023858376071522394
C:/Users/thejo/Desktop/WTP/WTP/ganfp_sample_20260627_215414\London-DB\100_03.jpg,London-DB,London-DB,0.997387,0.022084970870105584
C:/Users/thejo/Desktop/WTP/WTP/ganfp_sample_20260627_215414\SD1.5\sd15_txt2img_p00_s007.png,SD1.5,FFHQ,0.48983273,0.936075080549188
C:/Users/thejo/Desktop/WTP/WTP/ganfp_sample_20260627_215414\PGGAN-v1\F_PGN1_00703.png,PGGAN-v1,PGGAN-v1,0.9087398,0.30552353267673826
C:/Users/thejo/Desktop/WTP/WTP/ganfp_sample_20260627_215414\StarGAN\F_STGN_0142-10.png,StarGAN,StarGAN,0.99997795,0.00026063057346018074
C:/Users/thejo/Desktop/WTP/WTP/ganfp_sample_20260627_215414\London-DB\066_03.jpg,London-DB,London-DB,0.89900243,0.45438212161354463
C:/Users/thejo/Desktop/WTP/WTP/ganfp_sample_20260627_215414\StarGAN\F_STGN_0924-39.png,StarGAN,StarGAN,0.9999484,0.0005630740058679812
C:/Users/thejo/Desktop/WTP/WTP/ganfp_sample_20260627_215414\PGGAN-v2\F_PGN2_00239.png,PGGAN-v2,PGGAN-v2,0.9051526,0.37836583246346855
C:/Users/thejo/Desktop/WTP/WTP/ganfp_sample_20260627_215414\FLUX\flux1_txt2img_p08_s002.png,FLUX,FLUX,0.9999831,0.00022288859587264249
C:/Users/thejo/Desktop/WTP/WTP/ganfp_sample_20260627_215414\FFHQ\R_FFHQ_08530.png,FFHQ,FFHQ,0.99914956,0.007437974216364168
C:/Users/thejo/Desktop/WTP/WTP/ganfp_sample_20260627_215414\FaceApp\F_FAP0_00114-3.png,FaceApp,FaceApp,0.8840871,0.384951110975203
C:/Users/thejo/Desktop/WTP/WTP/ganfp_sample_20260627_215414\StyleGAN3-FFHQ\stylegan3_ffhq_s0013.png,StyleGAN3-FFHQ,StyleGAN3-FFHQ,0.7670579,0.6344193225148761
C:/Users/thejo/Desktop/WTP/WTP/ganfp_sample_20260627_215414\StarGAN\F_STGN_0123-03.png,StarGAN,StarGAN,0.99998164,0.0002198547621880176
C:/Users/thejo/Desktop/WTP/WTP/ganfp_sample_20260627_215414\FFHQ\R_FFHQ_07873.png,FFHQ,FFHQ,0.9856587,0.08194684859064127
C:/Users/thejo/Desktop/WTP/WTP/ganfp_sample_20260627_215414\StarGAN\F_STGN_0480-11.png,StarGAN,StarGAN,0.99992037,0.0008338985261663737
C:/Users/thejo/Desktop/WTP/WTP/ganfp_sample_20260627_215414\FLUX\flux1_txt2img_p07_s005.png,FLUX,FLUX,0.9998926,0.0011337593576523826
C:/Users/thejo/Desktop/WTP/WTP/ganfp_sample_20260627_215414\StyleGAN3-FFHQ\stylegan3_ffhq_s0049.png,StyleGAN3-FFHQ,StyleGAN3-FFHQ,0.84607357,0.47015553510539076
C:/Users/thejo/Desktop/WTP/WTP/ganfp_sample_20260627_215414\CelebA\200462.jpg,CelebA,CelebA,0.9985511,0.01218094237480571
C:/Users/thejo/Desktop/WTP/WTP/ganfp_sample_20260627_215414\PGGAN-v2\F_PGN2_09905.png,PGGAN-v2,PGGAN-v2,0.78979546,0.5206529614455732
C:/Users/thejo/Desktop/WTP/WTP/ganfp_sample_20260627_215414\PGGAN-v1\F_PGN1_09971.png,PGGAN-v1,PGGAN-v1,0.8571311,0.4108736140300431
C:/Users/thejo/Desktop/WTP/WTP/ganfp_sample_20260627_215414\CelebA\184897.jpg,CelebA,CelebA,0.9998857,0.0011866947318878022
C:/Users/thejo/Desktop/WTP/WTP/ganfp_sample_20260627_215414\StarGAN\F_STGN_0955-37.png,StarGAN,StarGAN,0.9998,0.001906373808975854
C:/Users/thejo/Desktop/WTP/WTP/ganfp_sample_20260627_215414\StarGAN\F_STGN_0865-40.png,StarGAN,StarGAN,0.9999484,0.000577840522005813
C:/Users/thejo/Desktop/WTP/WTP/ganfp_sample_20260627_215414\StarGAN\F_STGN_0617-27.png,StarGAN,StarGAN,0.9999722,0.0003211053940975295
C:/Users/thejo/Desktop/WTP/WTP/ganfp_sample_20260627_215414\FLUX\flux1_txt2img_p00_s000.png,FLUX,FLUX,0.99985814,0.001591445210607116
C:/Users/thejo/Desktop/WTP/WTP/ganfp_sample_20260627_215414\FFHQ\R_FFHQ_06378.png,FFHQ,FFHQ,0.9961648,0.028520820830397812
C:/Users/thejo/Desktop/WTP/WTP/ganfp_sample_20260627_215414\PGGAN-v1\F_PGN1_04501.png,PGGAN-v1,PGGAN-v1,0.87186724,0.38452527810489456
C:/Users/thejo/Desktop/WTP/WTP/ganfp_sample_20260627_215414\FFHQ\R_FFHQ_07116.png,FFHQ,FFHQ,0.9275925,0.2990419208594558
C:/Users/thejo/Desktop/WTP/WTP/ganfp_sample_20260627_215414\StarGAN\F_STGN_0555-30.png,StarGAN,StarGAN,0.9999913,0.00011170486026807535
C:/Users/thejo/Desktop/WTP/WTP/ganfp_sample_20260627_215414\StyleGAN3-FFHQ\stylegan3_ffhq_s0002.png,StyleGAN3-FFHQ,StyleGAN3-FFHQ,0.5737926,0.9569273857151784
C:/Users/thejo/Desktop/WTP/WTP/ganfp_sample_20260627_215414\FaceApp\F_FAP0_01016-3.png,FaceApp,FaceApp,0.78526175,0.5306706726346959
C:/Users/thejo/Desktop/WTP/WTP/ganfp_sample_20260627_215414\PGGAN-v1\F_PGN1_04943.png,PGGAN-v1,PGGAN-v1,0.8174704,0.4874736108689193
C:/Users/thejo/Desktop/WTP/WTP/ganfp_sample_20260627_215414\FLUX\flux1_txt2img_p02_s005.png,FLUX,FLUX,0.99998546,0.00019371270268741739
C:/Users/thejo/Desktop/WTP/WTP/ganfp_sample_20260627_215414\CelebA\063338.jpg,CelebA,CelebA,0.99941385,0.005432546799258698
C:/Users/thejo/Desktop/WTP/WTP/ganfp_sample_20260627_215414\FFHQ\R_FFHQ_01468.png,FFHQ,FFHQ,0.55541354,0.9694710620490629
C:/Users/thejo/Desktop/WTP/WTP/ganfp_sample_20260627_215414\FFHQ\R_FFHQ_03091.png,FFHQ,FFHQ,0.9661121,0.17233185414869462
C:/Users/thejo/Desktop/WTP/WTP/ganfp_sample_20260627_215414\London-DB\038_03.jpg,London-DB,London-DB,0.97264385,0.1549370368686792
C:/Users/thejo/Desktop/WTP/WTP/ganfp_sample_20260627_215414\FFHQ\R_FFHQ_08177.png,FFHQ,FFHQ,0.8536582,0.4767906914599025
C:/Users/thejo/Desktop/WTP/WTP/ganfp_sample_20260627_215414\PGGAN-v1\F_PGN1_04375.png,PGGAN-v1,PGGAN-v1,0.7051612,0.606832625549848
C:/Users/thejo/Desktop/WTP/WTP/ganfp_sample_20260627_215414\CelebA\057876.jpg,CelebA,CelebA,0.9608055,0.18198009507082552
C:/Users/thejo/Desktop/WTP/WTP/ganfp_sample_20260627_215414\PGGAN-v2\F_PGN2_09177.png,PGGAN-v2,PGGAN-v2,0.43971705,1.08861220694182
C:/Users/thejo/Desktop/WTP/WTP/ganfp_sample_20260627_215414\CelebA\123699.jpg,CelebA,CelebA,0.99980944,0.001925636811390699
C:/Users/thejo/Desktop/WTP/WTP/ganfp_sample_20260627_215414\London-DB\115_03.jpg,London-DB,London-DB,0.9993032,0.006839156135127426
C:/Users/thejo/Desktop/WTP/WTP/ganfp_sample_20260627_215414\PGGAN-v2\F_PGN2_09467.png,PGGAN-v2,PGGAN-v2,0.75782704,0.5780591013573141
C:/Users/thejo/Desktop/WTP/WTP/ganfp_sample_20260627_215414\PGGAN-v2\F_PGN2_09998.png,PGGAN-v2,PGGAN-v2,0.7798824,0.6519702432334088
C:/Users/thejo/Desktop/WTP/WTP/ganfp_sample_20260627_215414\FFHQ\R_FFHQ_03143.png,FFHQ,FFHQ,0.8462869,0.47758423821760143
C:/Users/thejo/Desktop/WTP/WTP/ganfp_sample_20260627_215414\CelebA\063763.jpg,CelebA,CelebA,0.9452483,0.21987050382781306
C:/Users/thejo/Desktop/WTP/WTP/ganfp_sample_20260627_215414\FaceApp\F_FAP0_02449-1.png,FaceApp,FaceApp,0.71777964,0.6796332310150582
C:/Users/thejo/Desktop/WTP/WTP/ganfp_sample_20260627_215414\PGGAN-v1\F_PGN1_03101.png,PGGAN-v1,PGGAN-v1,0.9641631,0.15603618905651914
C:/Users/thejo/Desktop/WTP/WTP/ganfp_sample_20260627_215414\PGGAN-v1\F_PGN1_00894.png,PGGAN-v1,PGGAN-v1,0.95163023,0.1948145071080335
C:/Users/thejo/Desktop/WTP/WTP/ganfp_sample_20260627_215414\FLUX\flux1_txt2img_p08_s004.png,FLUX,FLUX,0.9999758,0.00029793890170086375
C:/Users/thejo/Desktop/WTP/WTP/ganfp_sample_20260627_215414\StarGAN\F_STGN_0217-01.png,StarGAN,StarGAN,0.99998856,0.0001416306877253878
C:/Users/thejo/Desktop/WTP/WTP/ganfp_sample_20260627_215414\FaceApp\F_FAP0_00333-1.png,FaceApp,FaceApp,0.96219504,0.1644148704239733
C:/Users/thejo/Desktop/WTP/WTP/ganfp_sample_20260627_215414\FaceApp\F_FAP0_01166-3.png,FaceApp,FFHQ,0.9120242,0.32679080892511325
C:/Users/thejo/Desktop/WTP/WTP/ganfp_sample_20260627_215414\CelebA\188054.jpg,CelebA,CelebA,0.9867541,0.07222127821162012
C:/Users/thejo/Desktop/WTP/WTP/ganfp_sample_20260627_215414\CelebA\185649.jpg,CelebA,CelebA,0.983165,0.09715020900366472
C:/Users/thejo/Desktop/WTP/WTP/ganfp_sample_20260627_215414\FFHQ\R_FFHQ_05573.png,FFHQ,FLUX,0.7974014,0.6751063677001868
C:/Users/thejo/Desktop/WTP/WTP/ganfp_sample_20260627_215414\StarGAN\F_STGN_0466-12.png,StarGAN,StarGAN,0.99998605,0.0001726842685400745
C:/Users/thejo/Desktop/WTP/WTP/ganfp_sample_20260627_215414\PGGAN-v2\F_PGN2_03620.png,PGGAN-v2,PGGAN-v2,0.81948304,0.6002716651995195
C:/Users/thejo/Desktop/WTP/WTP/ganfp_sample_20260627_215414\SD1.5\sd15_txt2img_p04_s005.png,SD1.5,SD1.5,0.7626445,0.814700484302017
C:/Users/thejo/Desktop/WTP/WTP/ganfp_sample_20260627_215414\FFHQ\R_FFHQ_04332.png,FFHQ,FFHQ,0.96770066,0.15851534797192668
C:/Users/thejo/Desktop/WTP/WTP/ganfp_sample_20260627_215414\PGGAN-v2\F_PGN2_06589.png,PGGAN-v2,PGGAN-v2,0.62932163,0.6778418888992991
C:/Users/thejo/Desktop/WTP/WTP/ganfp_sample_20260627_215414\FLUX\flux1_txt2img_p00_s008.png,FLUX,FLUX,0.9965546,0.023211036971191683
C:/Users/thejo/Desktop/WTP/WTP/ganfp_sample_20260627_215414\FFHQ\R_FFHQ_02110.png,FFHQ,StyleGAN3-FFHQ,0.5196852,0.9398394718323899
C:/Users/thejo/Desktop/WTP/WTP/ganfp_sample_20260627_215414\StyleGAN3-FFHQ\stylegan3_ffhq_s0053.png,StyleGAN3-FFHQ,StyleGAN3-FFHQ,0.95601195,0.21211849869298266
C:/Users/thejo/Desktop/WTP/WTP/ganfp_sample_20260627_215414\London-DB\018_03.jpg,London-DB,London-DB,0.99899155,0.009574867892138777
C:/Users/thejo/Desktop/WTP/WTP/ganfp_sample_20260627_215414\FFHQ\R_FFHQ_04336.png,FFHQ,PGGAN-v1,0.4547437,1.0612396812944251
C:/Users/thejo/Desktop/WTP/WTP/ganfp_sample_20260627_215414\CelebA\196671.jpg,CelebA,CelebA,0.9919367,0.04994261200789277
C:/Users/thejo/Desktop/WTP/WTP/ganfp_sample_20260627_215414\PGGAN-v2\F_PGN2_06477.png,PGGAN-v2,PGGAN-v2,0.47255078,0.9648547736812776
C:/Users/thejo/Desktop/WTP/WTP/ganfp_sample_20260627_215414\PGGAN-v2\F_PGN2_09574.png,PGGAN-v2,PGGAN-v2,0.8891312,0.3854892027560596
C:/Users/thejo/Desktop/WTP/WTP/ganfp_sample_20260627_215414\PGGAN-v1\F_PGN1_09236.png,PGGAN-v1,PGGAN-v1,0.9148743,0.29135617921638884
C:/Users/thejo/Desktop/WTP/WTP/ganfp_sample_20260627_215414\FFHQ\R_FFHQ_04128.png,FFHQ,FFHQ,0.9937953,0.044720072004718975
C:/Users/thejo/Desktop/WTP/WTP/ganfp_sample_20260627_215414\PGGAN-v1\F_PGN1_03461.png,PGGAN-v1,PGGAN-v1,0.7349938,0.6097446651659334
C:/Users/thejo/Desktop/WTP/WTP/ganfp_sample_20260627_215414\PGGAN-v1\F_PGN1_00712.png,PGGAN-v1,PGGAN-v1,0.54173225,0.6917982949674661
C:/Users/thejo/Desktop/WTP/WTP/ganfp_sample_20260627_215414\SD1.5\sd15_txt2img_p02_s007.png,SD1.5,SD1.5,0.9962131,0.030811293308917215
C:/Users/thejo/Desktop/WTP/WTP/ganfp_sample_20260627_215414\SD1.5\sd15_txt2img_p05_s007.png,SD1.5,SD1.5,0.95839673,0.22752568315159463
C:/Users/thejo/Desktop/WTP/WTP/ganfp_sample_20260627_215414\PGGAN-v1\F_PGN1_05379.png,PGGAN-v1,PGGAN-v1,0.9512987,0.19513954770884423
C:/Users/thejo/Desktop/WTP/WTP/ganfp_sample_20260627_215414\PGGAN-v2\F_PGN2_03585.png,PGGAN-v2,PGGAN-v2,0.67535764,0.6827195364964974
C:/Users/thejo/Desktop/WTP/WTP/ganfp_sample_20260627_215414\FaceApp\F_FAP0_00866-1.png,FaceApp,FFHQ,0.78626156,0.5436863927512092
C:/Users/thejo/Desktop/WTP/WTP/ganfp_sample_20260627_215414\FaceApp\F_FAP0_00898-2.png,FaceApp,FaceApp,0.5168585,0.71698135004979
C:/Users/thejo/Desktop/WTP/WTP/ganfp_sample_20260627_215414\StarGAN\F_STGN_0486-13.png,StarGAN,StarGAN,0.9999746,0.00029740708094340705
C:/Users/thejo/Desktop/WTP/WTP/ganfp_sample_20260627_215414\FFHQ\R_FFHQ_06092.png,FFHQ,FFHQ,0.97358036,0.140493525164268
C:/Users/thejo/Desktop/WTP/WTP/ganfp_sample_20260627_215414\FFHQ\R_FFHQ_06121.png,FFHQ,FFHQ,0.75695,0.6890224793782818
C:/Users/thejo/Desktop/WTP/WTP/ganfp_sample_20260627_215414\PGGAN-v2\F_PGN2_08384.png,PGGAN-v2,PGGAN-v2,0.5346052,0.7177355651182079
C:/Users/thejo/Desktop/WTP/WTP/ganfp_sample_20260627_215414\FFHQ\R_FFHQ_01420.png,FFHQ,FFHQ,0.98654616,0.07977235440915406
C:/Users/thejo/Desktop/WTP/WTP/ganfp_sample_20260627_215414\PGGAN-v1\F_PGN1_00136.png,PGGAN-v1,PGGAN-v1,0.85078245,0.42416070832893565
C:/Users/thejo/Desktop/WTP/WTP/ganfp_sample_20260627_215414\StyleGAN3-FFHQ\stylegan3_ffhq_s0019.png,StyleGAN3-FFHQ,StyleGAN3-FFHQ,0.93372947,0.2786225566089397
C:/Users/thejo/Desktop/WTP/WTP/ganfp_sample_20260627_215414\CelebA\056077.jpg,CelebA,CelebA,0.99538714,0.032640937567891104
C:/Users/thejo/Desktop/WTP/WTP/ganfp_sample_20260627_215414\StarGAN\F_STGN_0673-24.png,StarGAN,StarGAN,0.99996233,0.0004223507175307732
C:/Users/thejo/Desktop/WTP/WTP/ganfp_sample_20260627_215414\CelebA\015153.jpg,CelebA,StarGAN,0.99891114,0.00868464245899228
C:/Users/thejo/Desktop/WTP/WTP/ganfp_sample_20260627_215414\PGGAN-v1\F_PGN1_09758.png,PGGAN-v1,PGGAN-v2,0.64161336,0.6629234463224868
C:/Users/thejo/Desktop/WTP/WTP/ganfp_sample_20260627_215414\StarGAN\F_STGN_0998-36.png,StarGAN,StarGAN,0.99998343,0.00020129729589163676
C:/Users/thejo/Desktop/WTP/WTP/ganfp_sample_20260627_215414\PGGAN-v1\F_PGN1_05128.png,PGGAN-v1,PGGAN-v1,0.5950416,0.6775576729125611
C:/Users/thejo/Desktop/WTP/WTP/ganfp_sample_20260627_215414\FaceApp\F_FAP0_01275-3.png,FaceApp,FFHQ,0.7011164,0.8357669140343587
C:/Users/thejo/Desktop/WTP/WTP/ganfp_sample_20260627_215414\FLUX\flux1_txt2img_p03_s011.png,FLUX,FLUX,0.9999256,0.0008754738703051642
C:/Users/thejo/Desktop/WTP/WTP/ganfp_sample_20260627_215414\StarGAN\F_STGN_0155-05.png,StarGAN,StarGAN,0.99996984,0.00034809075189840477
C:/Users/thejo/Desktop/WTP/WTP/ganfp_sample_20260627_215414\StarGAN\F_STGN_0503-23.png,StarGAN,StarGAN,0.999984,0.00019412184739175066
C:/Users/thejo/Desktop/WTP/WTP/ganfp_sample_20260627_215414\PGGAN-v2\F_PGN2_09341.png,PGGAN-v2,PGGAN-v1,0.79291195,0.5107601888940622
C:/Users/thejo/Desktop/WTP/WTP/ganfp_sample_20260627_215414\StyleGAN3-FFHQ\stylegan3_ffhq_s0046.png,StyleGAN3-FFHQ,FFHQ,0.668309,0.7311217087283346
C:/Users/thejo/Desktop/WTP/WTP/ganfp_sample_20260627_215414\StyleGAN3-FFHQ\stylegan3_ffhq_s0061.png,StyleGAN3-FFHQ,FLUX,0.54852307,0.9632959258626493
C:/Users/thejo/Desktop/WTP/WTP/ganfp_sample_20260627_215414\CelebA\010664.jpg,CelebA,CelebA,0.9907952,0.05471871723467506
C:/Users/thejo/Desktop/WTP/WTP/ganfp_sample_20260627_215414\FLUX\flux1_txt2img_p00_s011.png,FLUX,FLUX,0.9997359,0.002608487393000737
C:/Users/thejo/Desktop/WTP/WTP/ganfp_sample_20260627_215414\PGGAN-v1\F_PGN1_02008.png,PGGAN-v1,PGGAN-v1,0.75737625,0.665017444518526
C:/Users/thejo/Desktop/WTP/WTP/ganfp_sample_20260627_215414\StyleGAN3-FFHQ\stylegan3_ffhq_s0060.png,StyleGAN3-FFHQ,StyleGAN3-FFHQ,0.5554965,0.890439307457755
C:/Users/thejo/Desktop/WTP/WTP/ganfp_sample_20260627_215414\FaceApp\F_FAP0_00758-2.png,FaceApp,FaceApp,0.8397583,0.4431946455369368
C:/Users/thejo/Desktop/WTP/WTP/ganfp_sample_20260627_215414\FLUX\flux1_txt2img_p02_s009.png,FLUX,FLUX,0.9998914,0.0012187023936522565
C:/Users/thejo/Desktop/WTP/WTP/ganfp_sample_20260627_215414\FFHQ\R_FFHQ_09849.png,FFHQ,FFHQ,0.9909769,0.057745444135645585
C:/Users/thejo/Desktop/WTP/WTP/ganfp_sample_20260627_215414\CelebA\147989.jpg,CelebA,StarGAN,0.95118725,0.22858480957149618
C:/Users/thejo/Desktop/WTP/WTP/ganfp_sample_20260627_215414\London-DB\044_03.jpg,London-DB,London-DB,0.99514633,0.036695972479905775
C:/Users/thejo/Desktop/WTP/WTP/ganfp_sample_20260627_215414\CelebA\098613.jpg,CelebA,CelebA,0.99736077,0.01977577303402282
C:/Users/thejo/Desktop/WTP/WTP/ganfp_sample_20260627_215414\StarGAN\F_STGN_0194-08.png,StarGAN,StarGAN,0.99983156,0.0016362711609925
C:/Users/thejo/Desktop/WTP/WTP/ganfp_sample_20260627_215414\FFHQ\R_FFHQ_07125.png,FFHQ,FFHQ,0.8860874,0.43446613514826543
C:/Users/thejo/Desktop/WTP/WTP/ganfp_sample_20260627_215414\FLUX\flux1_txt2img_p01_s006.png,FLUX,FLUX,0.99998665,0.00017242565629657918
C:/Users/thejo/Desktop/WTP/WTP/ganfp_sample_20260627_215414\SD1.5\sd15_txt2img_p04_s010.png,SD1.5,SD1.5,0.6912337,0.7332630461027762
C:/Users/thejo/Desktop/WTP/WTP/ganfp_sample_20260627_215414\CelebA\115813.jpg,CelebA,CelebA,0.9978393,0.01712300001040083
C:/Users/thejo/Desktop/WTP/WTP/ganfp_sample_20260627_215414\FFHQ\R_FFHQ_04786.png,FFHQ,FFHQ,0.79157,0.5158425258551865
C:/Users/thejo/Desktop/WTP/WTP/ganfp_sample_20260627_215414\FaceApp\F_FAP0_01140-2.png,FaceApp,FFHQ,0.83103997,0.5151998148390482
C:/Users/thejo/Desktop/WTP/WTP/ganfp_sample_20260627_215414\FLUX\flux1_txt2img_p05_s002.png,FLUX,FLUX,0.99748284,0.018146045828602988
C:/Users/thejo/Desktop/WTP/WTP/ganfp_sample_20260627_215414\FLUX\flux1_txt2img_p05_s001.png,FLUX,FLUX,0.9999672,0.00040768517090779635
C:/Users/thejo/Desktop/WTP/WTP/ganfp_sample_20260627_215414\PGGAN-v1\F_PGN1_08896.png,PGGAN-v1,PGGAN-v1,0.96310955,0.15804408748603785
C:/Users/thejo/Desktop/WTP/WTP/ganfp_sample_20260627_215414\London-DB\103_03.jpg,London-DB,London-DB,0.9953126,0.03601921119758167
C:/Users/thejo/Desktop/WTP/WTP/ganfp_sample_20260627_215414\PGGAN-v2\F_PGN2_05859.png,PGGAN-v2,PGGAN-v2,0.6468597,0.665732025475495
C:/Users/thejo/Desktop/WTP/WTP/ganfp_sample_20260627_215414\SD1.5\sd15_txt2img_p07_s003.png,SD1.5,StyleGAN3-FFHQ,0.51695174,0.8006341111075809
C:/Users/thejo/Desktop/WTP/WTP/ganfp_sample_20260627_215414\StyleGAN3-FFHQ\stylegan3_ffhq_s0012.png,StyleGAN3-FFHQ,FFHQ,0.5816763,0.8499617177080088
C:/Users/thejo/Desktop/WTP/WTP/ganfp_sample_20260627_215414\PGGAN-v2\F_PGN2_09365.png,PGGAN-v2,PGGAN-v2,0.8935064,0.4052943774236274
C:/Users/thejo/Desktop/WTP/WTP/ganfp_sample_20260627_215414\FaceApp\F_FAP0_01394-1.png,FaceApp,FaceApp,0.8527673,0.4208119120873911
C:/Users/thejo/Desktop/WTP/WTP/ganfp_sample_20260627_215414\PGGAN-v2\F_PGN2_09599.png,PGGAN-v2,FaceApp,0.8627696,0.4099995846092413
C:/Users/thejo/Desktop/WTP/WTP/ganfp_sample_20260627_215414\PGGAN-v2\F_PGN2_09086.png,PGGAN-v2,PGGAN-v2,0.8488555,0.5300700572466378
C:/Users/thejo/Desktop/WTP/WTP/ganfp_sample_20260627_215414\SD1.5\sd15_txt2img_p07_s011.png,SD1.5,SD1.5,0.99887305,0.01020475655900903
C:/Users/thejo/Desktop/WTP/WTP/ganfp_sample_20260627_215414\CelebA\014683.jpg,CelebA,CelebA,0.98020214,0.1113595803916494
C:/Users/thejo/Desktop/WTP/WTP/ganfp_sample_20260627_215414\FaceApp\F_FAP0_01489-3.png,FaceApp,FaceApp,0.9083622,0.31242097311082295
C:/Users/thejo/Desktop/WTP/WTP/ganfp_sample_20260627_215414\FaceApp\F_FAP0_00217-3.png,FaceApp,FFHQ,0.52755266,0.8675460699865903
C:/Users/thejo/Desktop/WTP/WTP/ganfp_sample_20260627_215414\StyleGAN3-FFHQ\stylegan3_ffhq_s0087.png,StyleGAN3-FFHQ,StyleGAN3-FFHQ,0.9491468,0.22629092861723454
C:/Users/thejo/Desktop/WTP/WTP/ganfp_sample_20260627_215414\CelebA\174179.jpg,CelebA,CelebA,0.9787896,0.11868398699152391
C:/Users/thejo/Desktop/WTP/WTP/ganfp_sample_20260627_215414\StarGAN\F_STGN_0055-01.png,StarGAN,StarGAN,0.9999894,0.00013338425067964776
C:/Users/thejo/Desktop/WTP/WTP/ganfp_sample_20260627_215414\London-DB\003_03.jpg,London-DB,London-DB,0.9842859,0.10318610978396102
C:/Users/thejo/Desktop/WTP/WTP/ganfp_sample_20260627_215414\CelebA\012681.jpg,CelebA,CelebA,0.99014354,0.05776485192760781
C:/Users/thejo/Desktop/WTP/WTP/ganfp_sample_20260627_215414\FFHQ\R_FFHQ_04380.png,FFHQ,FFHQ,0.7941591,0.646427172799498
C:/Users/thejo/Desktop/WTP/WTP/ganfp_sample_20260627_215414\PGGAN-v1\F_PGN1_00033.png,PGGAN-v1,PGGAN-v1,0.4650718,1.2195134606722136
C:/Users/thejo/Desktop/WTP/WTP/ganfp_sample_20260627_215414\StyleGAN3-FFHQ\stylegan3_ffhq_s0098.png,StyleGAN3-FFHQ,StyleGAN3-FFHQ,0.5351422,0.7828810612410284
C:/Users/thejo/Desktop/WTP/WTP/ganfp_sample_20260627_215414\StyleGAN3-FFHQ\stylegan3_ffhq_s0008.png,StyleGAN3-FFHQ,StyleGAN3-FFHQ,0.91205424,0.3462609620461059
C:/Users/thejo/Desktop/WTP/WTP/ganfp_sample_20260627_215414\CelebA\066381.jpg,CelebA,CelebA,0.99655306,0.02523930260389437
C:/Users/thejo/Desktop/WTP/WTP/ganfp_sample_20260627_215414\FaceApp\F_FAP0_00188-2.png,FaceApp,FFHQ,0.714629,0.6264134388883827
C:/Users/thejo/Desktop/WTP/WTP/ganfp_sample_20260627_215414\London-DB\114_03.jpg,London-DB,London-DB,0.97398067,0.14723784150006894
C:/Users/thejo/Desktop/WTP/WTP/ganfp_sample_20260627_215414\PGGAN-v1\F_PGN1_06020.png,PGGAN-v1,PGGAN-v1,0.96611226,0.15076824430019092
C:/Users/thejo/Desktop/WTP/WTP/ganfp_sample_20260627_215414\FFHQ\R_FFHQ_03833.png,FFHQ,FFHQ,0.96193975,0.17759118897915838
C:/Users/thejo/Desktop/WTP/WTP/ganfp_sample_20260627_215414\StarGAN\F_STGN_0704-28.png,StarGAN,StarGAN,0.9999721,0.0003227046976441409
C:/Users/thejo/Desktop/WTP/WTP/ganfp_sample_20260627_215414\StarGAN\F_STGN_0961-40.png,StarGAN,StarGAN,0.99998724,0.00016082292957212929
C:/Users/thejo/Desktop/WTP/WTP/ganfp_sample_20260627_215414\FFHQ\R_FFHQ_06908.png,FFHQ,FFHQ,0.83476686,0.5578253474361803
C:/Users/thejo/Desktop/WTP/WTP/ganfp_sample_20260627_215414\StarGAN\F_STGN_0278-14.png,StarGAN,StarGAN,0.99997723,0.0002665587686211588
C:/Users/thejo/Desktop/WTP/WTP/ganfp_sample_20260627_215414\PGGAN-v2\F_PGN2_02565.png,PGGAN-v2,PGGAN-v2,0.9301861,0.26471294187807387
C:/Users/thejo/Desktop/WTP/WTP/ganfp_sample_20260627_215414\StarGAN\F_STGN_0228-02.png,StarGAN,StarGAN,0.9999825,0.0002105446173249015
C:/Users/thejo/Desktop/WTP/WTP/ganfp_sample_20260627_215414\FaceApp\F_FAP0_01044-1.png,FaceApp,FaceApp,0.72152495,0.6080914221750691
C:/Users/thejo/Desktop/WTP/WTP/ganfp_sample_20260627_215414\FaceApp\F_FAP0_00861-3.png,FaceApp,FaceApp,0.96626663,0.1552631757106915
C:/Users/thejo/Desktop/WTP/WTP/ganfp_sample_20260627_215414\StarGAN\F_STGN_0692-25.png,StarGAN,StarGAN,0.99997807,0.00025863716916105234
C:/Users/thejo/Desktop/WTP/WTP/ganfp_sample_20260627_215414\London-DB\036_03.jpg,London-DB,London-DB,0.99835265,0.01491295401986782
C:/Users/thejo/Desktop/WTP/WTP/ganfp_sample_20260627_215414\PGGAN-v1\F_PGN1_08973.png,PGGAN-v1,PGGAN-v1,0.88446546,0.359165997246278
C:/Users/thejo/Desktop/WTP/WTP/ganfp_sample_20260627_215414\StarGAN\F_STGN_0162-09.png,StarGAN,StarGAN,0.9997013,0.0027291376735009876
C:/Users/thejo/Desktop/WTP/WTP/ganfp_sample_20260627_215414\FFHQ\R_FFHQ_08880.png,FFHQ,FFHQ,0.9747936,0.13006555098432296
C:/Users/thejo/Desktop/WTP/WTP/ganfp_sample_20260627_215414\FFHQ\R_FFHQ_01583.png,FFHQ,FFHQ,0.67476624,0.8530165537430916
C:/Users/thejo/Desktop/WTP/WTP/ganfp_sample_20260627_215414\CelebA\133764.jpg,CelebA,CelebA,0.90788287,0.3673090215846273
C:/Users/thejo/Desktop/WTP/WTP/ganfp_sample_20260627_215414\PGGAN-v1\F_PGN1_06582.png,PGGAN-v1,PGGAN-v1,0.51614875,0.6963078284003489
C:/Users/thejo/Desktop/WTP/WTP/ganfp_sample_20260627_215414\PGGAN-v1\F_PGN1_02015.png,PGGAN-v1,PGGAN-v1,0.8653985,0.5091228234132152
C:/Users/thejo/Desktop/WTP/WTP/ganfp_sample_20260627_215414\PGGAN-v1\F_PGN1_00232.png,PGGAN-v1,PGGAN-v1,0.9610786,0.1689638817812004
C:/Users/thejo/Desktop/WTP/WTP/ganfp_sample_20260627_215414\PGGAN-v2\F_PGN2_03917.png,PGGAN-v2,PGGAN-v2,0.74325246,0.6033833230931834
C:/Users/thejo/Desktop/WTP/WTP/ganfp_sample_20260627_215414\SD1.5\sd15_txt2img_p03_s009.png,SD1.5,FLUX,0.8759212,0.37514460046328907
C:/Users/thejo/Desktop/WTP/WTP/ganfp_sample_20260627_215414\London-DB\082_03.jpg,London-DB,London-DB,0.99275064,0.05283200161117227
C:/Users/thejo/Desktop/WTP/WTP/ganfp_sample_20260627_215414\StarGAN\F_STGN_0403-12.png,StarGAN,StarGAN,0.9999932,8.873890447230374e-05
C:/Users/thejo/Desktop/WTP/WTP/ganfp_sample_20260627_215414\StarGAN\F_STGN_0128-04.png,StarGAN,StarGAN,0.9999914,0.00011028687276246695
C:/Users/thejo/Desktop/WTP/WTP/ganfp_sample_20260627_215414\FFHQ\R_FFHQ_03079.png,FFHQ,FFHQ,0.99116325,0.055976724122783345
C:/Users/thejo/Desktop/WTP/WTP/ganfp_sample_20260627_215414\StyleGAN3-FFHQ\stylegan3_ffhq_s0034.png,StyleGAN3-FFHQ,StyleGAN3-FFHQ,0.9841086,0.10142600228258179
C:/Users/thejo/Desktop/WTP/WTP/ganfp_sample_20260627_215414\PGGAN-v2\F_PGN2_05046.png,PGGAN-v2,PGGAN-v2,0.7203574,0.6078475298358273
C:/Users/thejo/Desktop/WTP/WTP/ganfp_sample_20260627_215414\PGGAN-v2\F_PGN2_05668.png,PGGAN-v2,PGGAN-v2,0.8254145,0.5146312312173977
C:/Users/thejo/Desktop/WTP/WTP/ganfp_sample_20260627_215414\PGGAN-v2\F_PGN2_07953.png,PGGAN-v2,PGGAN-v1,0.9131028,0.2977865605755484
C:/Users/thejo/Desktop/WTP/WTP/ganfp_sample_20260627_215414\FFHQ\R_FFHQ_00106.png,FFHQ,FFHQ,0.98498094,0.08917456053459452
C:/Users/thejo/Desktop/WTP/WTP/ganfp_sample_20260627_215414\PGGAN-v2\F_PGN2_05322.png,PGGAN-v2,PGGAN-v2,0.72798353,0.6419223464841451
C:/Users/thejo/Desktop/WTP/WTP/ganfp_sample_20260627_215414\FaceApp\F_FAP0_02332-1.png,FaceApp,FFHQ,0.57174677,0.7039697496829115
C:/Users/thejo/Desktop/WTP/WTP/ganfp_sample_20260627_215414\StarGAN\F_STGN_0986-31.png,StarGAN,StarGAN,0.9999845,0.0001886809854666575
C:/Users/thejo/Desktop/WTP/WTP/ganfp_sample_20260627_215414\PGGAN-v1\F_PGN1_05357.png,PGGAN-v1,PGGAN-v1,0.54790634,0.717662530956757
C:/Users/thejo/Desktop/WTP/WTP/ganfp_sample_20260627_215414\PGGAN-v2\F_PGN2_01964.png,PGGAN-v2,PGGAN-v2,0.9498471,0.22043384029536617
C:/Users/thejo/Desktop/WTP/WTP/ganfp_sample_20260627_215414\FaceApp\F_FAP0_00369-2.png,FaceApp,FaceApp,0.9959092,0.029280114084745387
C:/Users/thejo/Desktop/WTP/WTP/ganfp_sample_20260627_215414\London-DB\120_03.jpg,London-DB,London-DB,0.9778596,0.13817924906688056
C:/Users/thejo/Desktop/WTP/WTP/ganfp_sample_20260627_215414\StarGAN\F_STGN_0770-31.png,StarGAN,StarGAN,0.999959,0.0004582620002698251
C:/Users/thejo/Desktop/WTP/WTP/ganfp_sample_20260627_215414\PGGAN-v1\F_PGN1_02320.png,PGGAN-v1,PGGAN-v2,0.72835714,0.6008216371925278
C:/Users/thejo/Desktop/WTP/WTP/ganfp_sample_20260627_215414\FaceApp\F_FAP0_01142-1.png,FaceApp,FaceApp,0.9312923,0.25424523376228686
C:/Users/thejo/Desktop/WTP/WTP/ganfp_sample_20260627_215414\CelebA\171047.jpg,CelebA,CelebA,0.99979573,0.0020502386758371963
C:/Users/thejo/Desktop/WTP/WTP/ganfp_sample_20260627_215414\StarGAN\F_STGN_0164-07.png,StarGAN,StarGAN,0.9999596,0.00045151577273908565
C:/Users/thejo/Desktop/WTP/WTP/ganfp_sample_20260627_215414\FaceApp\F_FAP0_00246-3.png,FaceApp,FaceApp,0.9325155,0.2549034194736241
C:/Users/thejo/Desktop/WTP/WTP/ganfp_sample_20260627_215414\SD1.5\sd15_txt2img_p01_s003.png,SD1.5,SD1.5,0.83481324,0.46221940633826075
C:/Users/thejo/Desktop/WTP/WTP/ganfp_sample_20260627_215414\FFHQ\R_FFHQ_07330.png,FFHQ,FFHQ,0.9949698,0.03502009331889315
C:/Users/thejo/Desktop/WTP/WTP/ganfp_sample_20260627_215414\PGGAN-v2\F_PGN2_04382.png,PGGAN-v2,PGGAN-v2,0.3858753,1.2437170942561167
C:/Users/thejo/Desktop/WTP/WTP/ganfp_sample_20260627_215414\FLUX\flux1_txt2img_p08_s009.png,FLUX,FLUX,0.9999919,0.00010551976273476125
C:/Users/thejo/Desktop/WTP/WTP/ganfp_sample_20260627_215414\SD1.5\sd15_txt2img_p08_s004.png,SD1.5,SD1.5,0.9204446,0.31158788950472543
C:/Users/thejo/Desktop/WTP/WTP/ganfp_sample_20260627_215414\London-DB\126_03.jpg,London-DB,London-DB,0.99289787,0.0515362100541251
